{
  "episode": 4610,
  "total_episodes": 4610,
  "win_rate": 23.0,
  "avg_reward": 715.12,
  "elapsed_hours": 0.10916501078340743,
  "episodes_per_hour": 42229.648189625776,
  "timestamp": "2025-10-14T08:19:09.931776",
  "best_win_rate": 26.0
}