{
  "episode": 3400,
  "total_episodes": 3400,
  "win_rate": 0.0,
  "avg_reward": 0,
  "elapsed_hours": 0.13833492404884762,
  "episodes_per_hour": 24578.03062659305,
  "timestamp": "2025-10-12T22:36:57.876743",
  "best_win_rate": 0.0
}