{
  "episode": 4190,
  "total_episodes": 4190,
  "win_rate": 21.0,
  "avg_reward": 700.735,
  "elapsed_hours": 0.06372489207320743,
  "episodes_per_hour": 65751.38636855611,
  "timestamp": "2025-10-13T22:53:33.867650",
  "best_win_rate": 32.0
}