{
  "episode": 4420,
  "total_episodes": 4420,
  "win_rate": 19.0,
  "avg_reward": 648.46,
  "elapsed_hours": 0.0645993752612008,
  "episodes_per_hour": 68421.71432971593,
  "timestamp": "2025-10-14T06:55:11.365201",
  "best_win_rate": 24.0
}